{"test": "test",
"702": {"AzpID": "https://www.wnacg.com/photos-index-aid-702.html", "Bchgp": "(成年コミック)[LINDA] ネトラレヅマ [別スキャン]", "Cpics": "https://t1.qy0.ru/data/thumb/0007/02/135424617482.jpg", "Dother": "\n255張照片，\n上傳於2012-11-30 \n"},
"699": {"AzpID": "https://www.wnacg.com/photos-index-aid-699.html", "Bchgp": "(成年コミック)[LINDA] W-HIP-", "Cpics": "https://t1.qy0.ru/data/thumb/0006/99/135424613143.jpg", "Dother": "\n201張照片，\n上傳於2012-11-30 \n"},
"669": {"AzpID": "https://www.wnacg.com/photos-index-aid-669.html", "Bchgp": "(成年コミック)[LINDA] W-PAI- [DARKANT漢化]", "Cpics": "https://t1.qy0.ru/data/thumb/0006/69/135424584568.jpg", "Dother": "\n205張照片，\n上傳於2012-11-30 \n"}, 
"666": {"AzpID": "https://www.wnacg.com/photos-index-aid-666.html", "Bchgp": "(成年コミック)[LINDA] W-HIP- [悠月工房]", "Cpics": "https://t1.qy0.ru/data/thumb/0006/66/135424580517.jpg", "Dother": "\n202張照片，\n上傳於2012-11-30 \n"}, 
"661": {"AzpID": "https://www.wnacg.com/photos-index-aid-661.html", "Bchgp": "(成年コミック)[LINDA] セキララ彼女 第01巻 [悠月工房]", "Cpics": "https://t1.qy0.ru/data/thumb/0006/61/135424571862.jpg", "Dother": "\n201張照片，\n上傳於2012-11-30 \n"}, 
"658": {"AzpID": "https://www.wnacg.com/photos-index-aid-658.html", "Bchgp": "(成年コミック)[LINDA] W-PAI-", "Cpics": "https://t1.qy0.ru/data/thumb/0006/58/135424568452.jpg", "Dother": "\n205張照片，\n上傳於2012-11-30 \n"}, 
"657": {"AzpID": "https://www.wnacg.com/photos-index-aid-657.html", "Bchgp": "(成年コミック)[LINDA] ネトラレヅマ [悠月工房]", "Cpics": "https://t1.qy0.ru/data/thumb/0006/57/135424562593.jpg", "Dother": "\n252張照片，\n上傳於2012-11-30 \n"}, 
"651": {"AzpID": "https://www.wnacg.com/photos-index-aid-651.html", "Bchgp": "(成年コミック)[LINDA] マゾママ [漢化]", "Cpics": "https://t1.qy0.ru/data/thumb/0006/51/135424556903.jpg", "Dother": "\n199張照片，\n上傳於2012-11-30 \n"}, 
"642": {"AzpID": "https://www.wnacg.com/photos-index-aid-642.html", "Bchgp": "(成年コミック)[LINDA] ネトラレヅマ", "Cpics": "https://t1.qy0.ru/data/thumb/0006/42/135424549559.jpg", "Dother": "\n252張照片，\n上傳於2012-11-30 \n"}, 
"637": {"AzpID": "https://www.wnacg.com/photos-index-aid-637.html", "Bchgp": "(成年コミック)[LINDA] マゾママ", "Cpics": "https://t1.qy0.ru/data/thumb/0006/37/13542454188.jpg", "Dother": "\n206張照片，\n上傳於2012-11-30 \n"}, 
"636": {"AzpID": "https://www.wnacg.com/photos-index-aid-636.html", "Bchgp": "(成年コミック)[LINDA] セキララ彼女 第02巻", "Cpics": "https://t1.qy0.ru/data/thumb/0006/36/135424540655.jpg", "Dother": "\n201張照片，\n上傳於2012-11-30 \n"}, 
"74": {"AzpID": "https://www.wnacg.com/photos-index-aid-74.html", "Bchgp": "[如月群真] 舞FAVORITE", "Cpics": "https://t1.qy0.ru/data/thumb/0000/74/134450871509.jpg", "Dother": "\n212張照片，\n上傳於2012-08-09 \n"}, 
"73": {"AzpID": "https://www.wnacg.com/photos-index-aid-73.html", "Bchgp": "[如月群真] ギリギリ♥Sisters", "Cpics": "https://t1.qy0.ru/data/thumb/0000/73/134450711313.jpg", "Dother": "\n221張照片，\n上傳於2012-08-09 \n"}, 
"72": {"AzpID": "https://www.wnacg.com/photos-index-aid-72.html", "Bchgp": "[如月群真] LOVE SELECTION", "Cpics": "https://t1.qy0.ru/data/thumb/0000/72/134450615407.jpg", "Dother": "\n240張照片，\n上傳於2012-08-09 \n"}, 
"70": {"AzpID": "https://www.wnacg.com/photos-index-aid-70.html", "Bchgp": "[Kisaragi Gunma][如月群真] Artwork", "Cpics": "https://t1.qy0.ru/data/thumb/0000/70/134418471125.jpg", "Dother": "\n68張照片，\n上傳於2012-08-06 \n"}, 
"19": {"AzpID": "https://www.wnacg.com/photos-index-aid-19.html", "Bchgp": "[加瀬大輝] 性純乙女", "Cpics": "https://t1.qy0.ru/data/thumb/0000/19/133032085136.jpg", "Dother": "\n203張照片，\n上傳於2012-02-27 \n"}, 
"1": {"AzpID": "https://www.wnacg.com/photos-index-aid-1.html", "Bchgp": "[世徒]STRINGENDO[黑翼幻獄城]", "Cpics": "https://t1.qy0.ru/data/thumb/0000/01/132931046185.jpg", "Dother": "\n295張照片，\n上傳於2024-03-20 \n"}}